[{"@type":"mappingTemplate","id":"@1","name":"Rule_Specification_Mapping_Versioning","description":"A simple mapping using rule specification","bundleVersion":"0","templateId":"@3","deployTime":1719382783000,"hasParameters":false,"valid":true,"fixedConnection":true,"hasParametersDeployed":false,"fixedConnectionDeployed":true,"isSchemaValidationEnabled":false,"tasks":0,"mappingPreviewFileRecordId":"@2","documentType":"","references":[{"@type":"reference","refObjectId":"@0FmsBj45WpoksBDdFQn9aS","refType":"frsDocument"},{"@type":"reference","refObjectId":"@b6oxcxa2R4icf3tFvsQo2k","refType":"connection"},{"@type":"reference","refObjectId":"@lnubgvPmDW4irBo1jOeEMA","refType":"connection"}]}]