[{"@type":"mappingTemplate","id":"@1","name":"Cleanse_Mapping_Versioning_2","description":"A simpleMapping Using Cleanse","bundleVersion":"0","templateId":"@3","deployTime":1719382422000,"hasParameters":false,"valid":true,"fixedConnection":true,"hasParametersDeployed":false,"fixedConnectionDeployed":true,"isSchemaValidationEnabled":false,"tasks":0,"mappingPreviewFileRecordId":"@2","documentType":"","references":[{"@type":"reference","refObjectId":"@eCo4aNfj0SabiplkAWCo4a","refType":"frsDocument"},{"@type":"reference","refObjectId":"@a5JhKyWpn2Tbtkb6g5Ol8P","refType":"connection"},{"@type":"reference","refObjectId":"@668kpRaudeKjovpHN1MTc5","refType":"connection"}]}]