[{"@type":"mappingTemplate","id":"@1","name":"Deduplicate_Mapping_Versioning_2","description":"","bundleVersion":"0","templateId":"@3","deployTime":1719382421000,"hasParameters":false,"valid":true,"fixedConnection":true,"hasParametersDeployed":false,"fixedConnectionDeployed":true,"isSchemaValidationEnabled":false,"tasks":0,"mappingPreviewFileRecordId":"@2","documentType":"","references":[{"@type":"reference","refObjectId":"@lvslWcfL4u4lr2YIMcFDAy","refType":"connection"},{"@type":"reference","refObjectId":"@517mznJTOsmf2CQkPtTggm","refType":"frsDocument"},{"@type":"reference","refObjectId":"@0Cv4TF2jCdchiuMe9EQQMm","refType":"connection"}]}]