[{"@type":"mappingTemplate","id":"@1","name":"Cleanse_Mapping_Versioning","description":"Cleanse mapping","bundleVersion":"0","templateId":"@3","deployTime":1719382419000,"hasParameters":false,"valid":true,"fixedConnection":true,"hasParametersDeployed":false,"fixedConnectionDeployed":true,"isSchemaValidationEnabled":false,"tasks":0,"mappingPreviewFileRecordId":"@2","documentType":"","references":[{"@type":"reference","refObjectId":"@k49THMaCr09fHtfpiLuAI7","refType":"connection"},{"@type":"reference","refObjectId":"@60hf0tLfgeZedCc74iVfQJ","refType":"connection"},{"@type":"reference","refObjectId":"@4CKjHoa3lOxiR1xOYfqpOY","refType":"frsDocument"}]}]