[{"@type":"mappingTemplate","id":"@1","name":"Parse_Mapping_Versioning_2","description":"","bundleVersion":"0","templateId":"@3","deployTime":1719382420000,"hasParameters":false,"valid":true,"fixedConnection":true,"hasParametersDeployed":false,"fixedConnectionDeployed":true,"isSchemaValidationEnabled":false,"tasks":0,"mappingPreviewFileRecordId":"@2","documentType":"","references":[{"@type":"reference","refObjectId":"@awH3BSGqVmxcJj6NLCDX4q","refType":"connection"},{"@type":"reference","refObjectId":"@fMqyCNk57gNkfyyXhm8ZKl","refType":"frsDocument"},{"@type":"reference","refObjectId":"@ji3rWDtSduBdkMk48LDk6A","refType":"connection"}]}]